logoUrl,url
out/img/sulamericadiretocampinas.com.br/crop.png,http://sulamericadiretocampinas.com.br
out/img/wsodonto.sulamerica.com.br/crop.png,http://wsodonto.sulamerica.com.br
out/img/www.sulamericaauto.com.br/crop.png,https://www.sulamericaauto.com.br
out/img/ri.sulamerica.com.br/crop.png,https://ri.sulamerica.com.br
out/img/coronavirus.sulamerica.com.br/crop.png,http://coronavirus.sulamerica.com.br
out/img/corretor.sulamericaseguros.com.br/crop.png,https://corretor.sulamericaseguros.com.br
out/img/portal.sulamericaauto.com.br/crop.png,https://portal.sulamericaauto.com.br
out/img/portal.sulamericaseguros.com.br/crop.png,https://portal.sulamericaseguros.com.br
out/img/www.sulamericaauto.com.br/crop.png,http://www.sulamericaauto.com.br
out/img/portal2.sulamericaseguros.com.br/crop.png,https://portal2.sulamericaseguros.com.br
out/img/saude.sulamericaseguros.com.br/crop.png,https://saude.sulamericaseguros.com.br
out/img/corretor.sulamericaseguros.com.br/crop.png,http://corretor.sulamericaseguros.com.br
out/img/www.sulamerica.com.br/crop.png,http://www.sulamerica.com.br
out/img/sulamerica.in/crop.png,https://sulamerica.in
out/img/coronavirus.sulamerica.com.br/crop.png,https://coronavirus.sulamerica.com.br
out/img/atendimentocliente.sulamerica.com.br/crop.png,http://atendimentocliente.sulamerica.com.br
out/img/www.sulamerica.com.br/crop.png,https://www.sulamerica.com.br
out/img/www.acesso-odonto.sulamerica.com.br/crop.png,https://www.acesso-odonto.sulamerica.com.br
out/img/sulamericaparadiso.com.br/crop.png,https://sulamericaparadiso.com.br
out/img/sulamericasaudesa.com.br/crop.png,http://sulamericasaudesa.com.br
