url,logoUrl
http://sulamericadiretocampinas.com.br,out/img/sulamericadiretocampinas.com.br/0.png
http://wsodonto.sulamerica.com.br,out/img/wsodonto.sulamerica.com.br/10.png
https://www.sulamericaauto.com.br,out/img/www.sulamericaauto.com.br/7.png
https://ri.sulamerica.com.br,out/img/ri.sulamerica.com.br/0.png
http://coronavirus.sulamerica.com.br,out/img/coronavirus.sulamerica.com.br/0.png
https://corretor.sulamericaseguros.com.br,out/img/corretor.sulamericaseguros.com.br/12.png
https://portal.sulamericaauto.com.br,out/img/portal.sulamericaauto.com.br/9.png
https://portal.sulamericaseguros.com.br,out/img/portal.sulamericaseguros.com.br/10.png
http://www.sulamericaauto.com.br,out/img/www.sulamericaauto.com.br/7.png
https://portal2.sulamericaseguros.com.br,out/img/portal2.sulamericaseguros.com.br/38.png
https://saude.sulamericaseguros.com.br,out/img/saude.sulamericaseguros.com.br/38.png
http://corretor.sulamericaseguros.com.br,out/img/corretor.sulamericaseguros.com.br/12.png
http://www.sulamerica.com.br,out/img/www.sulamerica.com.br/10.png
https://sulamerica.in,out/img/sulamerica.in/0.png
https://coronavirus.sulamerica.com.br,out/img/coronavirus.sulamerica.com.br/0.png
http://atendimentocliente.sulamerica.com.br,out/img/atendimentocliente.sulamerica.com.br/0.png
https://www.sulamerica.com.br,out/img/www.sulamerica.com.br/10.png
https://www.acesso-odonto.sulamerica.com.br,out/img/www.acesso-odonto.sulamerica.com.br/0.png
https://sulamericaparadiso.com.br,out/img/sulamericaparadiso.com.br/0.png
http://sulamericasaudesa.com.br,out/img/sulamericasaudesa.com.br/0.png
